{"cameraMode":{"drawMode":0,"name":"Shaded","section":"Shading Mode"},"sceneLighting":true,"audioPlay":false,"sceneViewState":{"m_AlwaysRefresh":false,"showFog":true,"showSkybox":true,"showFlares":true,"showImageEffects":true,"showParticleSystems":true,"showVisualEffectGraphs":true,"m_FxEnabled":true},"in2DMode":false,"pivot":{"x":35.040645599365237,"y":6.667328834533691,"z":-1.0464987754821778},"rotation":{"x":0.058636363595724109,"y":-0.8516503572463989,"z":0.09746971726417542,"w":0.5115369558334351},"size":1.858674168586731,"orthographic":false}